{
    "items": [
        {
            "type": "dir",
            "title": "2024",
            "link": "tmdb/year/movie/2024",
            "thumbnail": "https://static.vecteezy.com/ti/vetor-gratis/p1/12657549-ilustracao-fitas-de-rolo-de-rolo-de-filme-negativo-para-logotipo-de-video-de-cinema-de-filme-vetor.jpg"
        },
        {
            "type": "dir",
            "title": "2023",
            "link": "tmdb/year/movie/2023",
            "thumbnail": "https://static.vecteezy.com/ti/vetor-gratis/p1/12657549-ilustracao-fitas-de-rolo-de-rolo-de-filme-negativo-para-logotipo-de-video-de-cinema-de-filme-vetor.jpg"
        },
        {
            "type": "dir",
            "title": "2022",
            "link": "tmdb/year/movie/2022",
            "thumbnail": "https://static.vecteezy.com/ti/vetor-gratis/p1/12657549-ilustracao-fitas-de-rolo-de-rolo-de-filme-negativo-para-logotipo-de-video-de-cinema-de-filme-vetor.jpg"
        },
        {
            "type": "dir",
            "title": "2021",
            "link": "tmdb/year/movie/2021",
            "thumbnail": "https://static.vecteezy.com/ti/vetor-gratis/p1/12657549-ilustracao-fitas-de-rolo-de-rolo-de-filme-negativo-para-logotipo-de-video-de-cinema-de-filme-vetor.jpg"
        },
        {
            "type": "dir",
            "title": "2020",
            "link": "tmdb/year/movie/2020",
            "thumbnail": "https://static.vecteezy.com/ti/vetor-gratis/p1/12657549-ilustracao-fitas-de-rolo-de-rolo-de-filme-negativo-para-logotipo-de-video-de-cinema-de-filme-vetor.jpg"
        },
        {
            "type": "dir",
            "title": "2019",
            "link": "tmdb/year/movie/2019",
            "thumbnail": "https://static.vecteezy.com/ti/vetor-gratis/p1/12657549-ilustracao-fitas-de-rolo-de-rolo-de-filme-negativo-para-logotipo-de-video-de-cinema-de-filme-vetor.jpg"
        },
        {
            "type": "dir",
            "title": "2018",
            "link": "tmdb/year/movie/2018",
            "thumbnail": "https://static.vecteezy.com/ti/vetor-gratis/p1/12657549-ilustracao-fitas-de-rolo-de-rolo-de-filme-negativo-para-logotipo-de-video-de-cinema-de-filme-vetor.jpg"
        },
        {
            "type": "dir",
            "title": "2017",
            "link": "tmdb/year/movie/2017",
            "thumbnail": "https://static.vecteezy.com/ti/vetor-gratis/p1/12657549-ilustracao-fitas-de-rolo-de-rolo-de-filme-negativo-para-logotipo-de-video-de-cinema-de-filme-vetor.jpg"
        },
        {
            "type": "dir",
            "title": "2016",
            "link": "tmdb/year/movie/20016",
            "thumbnail": "https://static.vecteezy.com/ti/vetor-gratis/p1/12657549-ilustracao-fitas-de-rolo-de-rolo-de-filme-negativo-para-logotipo-de-video-de-cinema-de-filme-vetor.jpg"
        },
        {
            "type": "dir",
            "title": "2015",
            "link": "tmdb/year/movie/2015",
            "thumbnail": "https://static.vecteezy.com/ti/vetor-gratis/p1/12657549-ilustracao-fitas-de-rolo-de-rolo-de-filme-negativo-para-logotipo-de-video-de-cinema-de-filme-vetor.jpg"
        },
        {
            "type": "dir",
            "title": "2014",
            "link": "tmdb/year/movie/2014",
            "thumbnail": "https://static.vecteezy.com/ti/vetor-gratis/p1/12657549-ilustracao-fitas-de-rolo-de-rolo-de-filme-negativo-para-logotipo-de-video-de-cinema-de-filme-vetor.jpg"
        },
        {
            "type": "dir",
            "title": "2013",
            "link": "tmdb/year/movie/2013",
            "thumbnail": "https://static.vecteezy.com/ti/vetor-gratis/p1/12657549-ilustracao-fitas-de-rolo-de-rolo-de-filme-negativo-para-logotipo-de-video-de-cinema-de-filme-vetor.jpg"
        },
        {
            "type": "dir",
            "title": "2012",
            "link": "tmdb/year/movie/2012",
            "thumbnail": "https://static.vecteezy.com/ti/vetor-gratis/p1/12657549-ilustracao-fitas-de-rolo-de-rolo-de-filme-negativo-para-logotipo-de-video-de-cinema-de-filme-vetor.jpg"
        },
        {
            "type": "dir",
            "title": "2011",
            "link": "tmdb/year/movie/2011",
            "thumbnail": "https://static.vecteezy.com/ti/vetor-gratis/p1/12657549-ilustracao-fitas-de-rolo-de-rolo-de-filme-negativo-para-logotipo-de-video-de-cinema-de-filme-vetor.jpg"
        },
        {
            "type": "dir",
            "title": "2010",
            "link": "tmdb/year/movie/2010",
            "thumbnail": "https://static.vecteezy.com/ti/vetor-gratis/p1/12657549-ilustracao-fitas-de-rolo-de-rolo-de-filme-negativo-para-logotipo-de-video-de-cinema-de-filme-vetor.jpg"
        },
        {
            "type": "dir",
            "title": "2009",
            "link": "tmdb/year/movie/2009",
            "thumbnail": "https://static.vecteezy.com/ti/vetor-gratis/p1/12657549-ilustracao-fitas-de-rolo-de-rolo-de-filme-negativo-para-logotipo-de-video-de-cinema-de-filme-vetor.jpg"
        },
        {
            "type": "dir",
            "title": "2008",
            "link": "tmdb/year/movie/2008",
            "thumbnail": "https://static.vecteezy.com/ti/vetor-gratis/p1/12657549-ilustracao-fitas-de-rolo-de-rolo-de-filme-negativo-para-logotipo-de-video-de-cinema-de-filme-vetor.jpg"
        },
        {
            "type": "dir",
            "title": "2007",
            "link": "tmdb/year/movie/2007",
            "thumbnail": "https://static.vecteezy.com/ti/vetor-gratis/p1/12657549-ilustracao-fitas-de-rolo-de-rolo-de-filme-negativo-para-logotipo-de-video-de-cinema-de-filme-vetor.jpg"
        },
        {
            "type": "dir",
            "title": "2006",
            "link": "tmdb/year/movie/2006",
            "thumbnail": "https://static.vecteezy.com/ti/vetor-gratis/p1/12657549-ilustracao-fitas-de-rolo-de-rolo-de-filme-negativo-para-logotipo-de-video-de-cinema-de-filme-vetor.jpg"
        },
        {
            "type": "dir",
            "title": "2005",
            "link": "tmdb/year/movie/2005",
            "thumbnail": "https://static.vecteezy.com/ti/vetor-gratis/p1/12657549-ilustracao-fitas-de-rolo-de-rolo-de-filme-negativo-para-logotipo-de-video-de-cinema-de-filme-vetor.jpg"
        },
        {
            "type": "dir",
            "title": "2004",
            "link": "tmdb/year/movie/2004",
            "thumbnail": "https://static.vecteezy.com/ti/vetor-gratis/p1/12657549-ilustracao-fitas-de-rolo-de-rolo-de-filme-negativo-para-logotipo-de-video-de-cinema-de-filme-vetor.jpg"
        },
        {
            "type": "dir",
            "title": "2003",
            "link": "tmdb/year/movie/2003",
            "thumbnail": "https://static.vecteezy.com/ti/vetor-gratis/p1/12657549-ilustracao-fitas-de-rolo-de-rolo-de-filme-negativo-para-logotipo-de-video-de-cinema-de-filme-vetor.jpg"
        },
        {
            "type": "dir",
            "title": "2002",
            "link": "tmdb/year/movie/2002",
            "thumbnail": "https://static.vecteezy.com/ti/vetor-gratis/p1/12657549-ilustracao-fitas-de-rolo-de-rolo-de-filme-negativo-para-logotipo-de-video-de-cinema-de-filme-vetor.jpg"
        },
        {
            "type": "dir",
            "title": "2001",
            "link": "tmdb/year/movie/2001",
            "thumbnail": "https://static.vecteezy.com/ti/vetor-gratis/p1/12657549-ilustracao-fitas-de-rolo-de-rolo-de-filme-negativo-para-logotipo-de-video-de-cinema-de-filme-vetor.jpg"
        },
        {
            "type": "dir",
            "title": "2000",
            "link": "tmdb/year/movie/2000",
            "thumbnail": "https://static.vecteezy.com/ti/vetor-gratis/p1/12657549-ilustracao-fitas-de-rolo-de-rolo-de-filme-negativo-para-logotipo-de-video-de-cinema-de-filme-vetor.jpg"
        },
        {
            "type": "dir",
            "title": "1999",
            "link": "tmdb/year/movie/1999",
            "thumbnail": "https://static.vecteezy.com/ti/vetor-gratis/p1/12657549-ilustracao-fitas-de-rolo-de-rolo-de-filme-negativo-para-logotipo-de-video-de-cinema-de-filme-vetor.jpg"
        },
        {
            "type": "dir",
            "title": "1998",
            "link": "tmdb/year/movie/1998",
            "thumbnail": "https://static.vecteezy.com/ti/vetor-gratis/p1/12657549-ilustracao-fitas-de-rolo-de-rolo-de-filme-negativo-para-logotipo-de-video-de-cinema-de-filme-vetor.jpg"
        },
        {
            "type": "dir",
            "title": "1997",
            "link": "tmdb/year/movie/1997",
            "thumbnail": "https://static.vecteezy.com/ti/vetor-gratis/p1/12657549-ilustracao-fitas-de-rolo-de-rolo-de-filme-negativo-para-logotipo-de-video-de-cinema-de-filme-vetor.jpg"
        },
        {
            "type": "dir",
            "title": "1996",
            "link": "tmdb/year/movie/1996",
            "thumbnail": "https://static.vecteezy.com/ti/vetor-gratis/p1/12657549-ilustracao-fitas-de-rolo-de-rolo-de-filme-negativo-para-logotipo-de-video-de-cinema-de-filme-vetor.jpg"
        },
        {
            "type": "dir",
            "title": "1995",
            "link": "tmdb/year/movie/1995",
            "thumbnail": "https://static.vecteezy.com/ti/vetor-gratis/p1/12657549-ilustracao-fitas-de-rolo-de-rolo-de-filme-negativo-para-logotipo-de-video-de-cinema-de-filme-vetor.jpg"
        },
        {
            "type": "dir",
            "title": "1994",
            "link": "tmdb/year/movie/1994",
            "thumbnail": "https://static.vecteezy.com/ti/vetor-gratis/p1/12657549-ilustracao-fitas-de-rolo-de-rolo-de-filme-negativo-para-logotipo-de-video-de-cinema-de-filme-vetor.jpg"
        },
        {
            "type": "dir",
            "title": "1993",
            "link": "tmdb/year/movie/1993",
            "thumbnail": "https://static.vecteezy.com/ti/vetor-gratis/p1/12657549-ilustracao-fitas-de-rolo-de-rolo-de-filme-negativo-para-logotipo-de-video-de-cinema-de-filme-vetor.jpg"
        },
        {
            "type": "dir",
            "title": "1992",
            "link": "tmdb/year/movie/1992",
            "thumbnail": "https://static.vecteezy.com/ti/vetor-gratis/p1/12657549-ilustracao-fitas-de-rolo-de-rolo-de-filme-negativo-para-logotipo-de-video-de-cinema-de-filme-vetor.jpg"
        },
        {
            "type": "dir",
            "title": "1991",
            "link": "tmdb/year/movie/1991",
            "thumbnail": "https://static.vecteezy.com/ti/vetor-gratis/p1/12657549-ilustracao-fitas-de-rolo-de-rolo-de-filme-negativo-para-logotipo-de-video-de-cinema-de-filme-vetor.jpg"
        },
        {
            "type": "dir",
            "title": "1990",
            "link": "tmdb/year/movie/1990",
            "thumbnail": "https://static.vecteezy.com/ti/vetor-gratis/p1/12657549-ilustracao-fitas-de-rolo-de-rolo-de-filme-negativo-para-logotipo-de-video-de-cinema-de-filme-vetor.jpg"
        },
        {
            "type": "dir",
            "title": "1989",
            "link": "tmdb/year/movie/1989",
            "thumbnail": "https://static.vecteezy.com/ti/vetor-gratis/p1/12657549-ilustracao-fitas-de-rolo-de-rolo-de-filme-negativo-para-logotipo-de-video-de-cinema-de-filme-vetor.jpg"
        },
        {
            "type": "dir",
            "title": "1988",
            "link": "tmdb/year/movie/1988",
            "thumbnail": "https://static.vecteezy.com/ti/vetor-gratis/p1/12657549-ilustracao-fitas-de-rolo-de-rolo-de-filme-negativo-para-logotipo-de-video-de-cinema-de-filme-vetor.jpg"
        },
        {
            "type": "dir",
            "title": "1987",
            "link": "tmdb/year/movie/1987",
            "thumbnail": "https://static.vecteezy.com/ti/vetor-gratis/p1/12657549-ilustracao-fitas-de-rolo-de-rolo-de-filme-negativo-para-logotipo-de-video-de-cinema-de-filme-vetor.jpg"
        },
        {
            "type": "dir",
            "title": "1986",
            "link": "tmdb/year/movie/1986",
            "thumbnail": "https://static.vecteezy.com/ti/vetor-gratis/p1/12657549-ilustracao-fitas-de-rolo-de-rolo-de-filme-negativo-para-logotipo-de-video-de-cinema-de-filme-vetor.jpg"
        },
        {
            "type": "dir",
            "title": "1985",
            "link": "tmdb/year/movie/1985",
            "thumbnail": "https://static.vecteezy.com/ti/vetor-gratis/p1/12657549-ilustracao-fitas-de-rolo-de-rolo-de-filme-negativo-para-logotipo-de-video-de-cinema-de-filme-vetor.jpg"
        },
        {
            "type": "dir",
            "title": "1984",
            "link": "tmdb/year/movie/1984",
            "thumbnail": "https://static.vecteezy.com/ti/vetor-gratis/p1/12657549-ilustracao-fitas-de-rolo-de-rolo-de-filme-negativo-para-logotipo-de-video-de-cinema-de-filme-vetor.jpg"
        },
        {
            "type": "dir",
            "title": "1983",
            "link": "tmdb/year/movie/1983",
            "thumbnail": "https://static.vecteezy.com/ti/vetor-gratis/p1/12657549-ilustracao-fitas-de-rolo-de-rolo-de-filme-negativo-para-logotipo-de-video-de-cinema-de-filme-vetor.jpg"
        },
        {
            "type": "dir",
            "title": "1982",
            "link": "tmdb/year/movie/1982",
            "thumbnail": "https://static.vecteezy.com/ti/vetor-gratis/p1/12657549-ilustracao-fitas-de-rolo-de-rolo-de-filme-negativo-para-logotipo-de-video-de-cinema-de-filme-vetor.jpg"
        },
        {
            "type": "dir",
            "title": "1981",
            "link": "tmdb/year/movie/1981",
            "thumbnail": "https://static.vecteezy.com/ti/vetor-gratis/p1/12657549-ilustracao-fitas-de-rolo-de-rolo-de-filme-negativo-para-logotipo-de-video-de-cinema-de-filme-vetor.jpg"
        },
        {
            "type": "dir",
            "title": "1980",
            "link": "tmdb/year/movie/1980",
            "thumbnail": "https://static.vecteezy.com/ti/vetor-gratis/p1/12657549-ilustracao-fitas-de-rolo-de-rolo-de-filme-negativo-para-logotipo-de-video-de-cinema-de-filme-vetor.jpg"
        },
        {
            "type": "dir",
            "title": "1979",
            "link": "tmdb/year/movie/1979",
            "thumbnail": "https://static.vecteezy.com/ti/vetor-gratis/p1/12657549-ilustracao-fitas-de-rolo-de-rolo-de-filme-negativo-para-logotipo-de-video-de-cinema-de-filme-vetor.jpg"
        },
        {
            "type": "dir",
            "title": "1978",
            "link": "tmdb/year/movie/1978",
            "thumbnail": "https://static.vecteezy.com/ti/vetor-gratis/p1/12657549-ilustracao-fitas-de-rolo-de-rolo-de-filme-negativo-para-logotipo-de-video-de-cinema-de-filme-vetor.jpg"
        },
        {
            "type": "dir",
            "title": "1977",
            "link": "tmdb/year/movie/1977",
            "thumbnail": "https://static.vecteezy.com/ti/vetor-gratis/p1/12657549-ilustracao-fitas-de-rolo-de-rolo-de-filme-negativo-para-logotipo-de-video-de-cinema-de-filme-vetor.jpg"
        },
        {
            "type": "dir",
            "title": "1976",
            "link": "tmdb/year/movie/1976",
            "thumbnail": "https://static.vecteezy.com/ti/vetor-gratis/p1/12657549-ilustracao-fitas-de-rolo-de-rolo-de-filme-negativo-para-logotipo-de-video-de-cinema-de-filme-vetor.jpg"
        },
        {
            "type": "dir",
            "title": "1975",
            "link": "tmdb/year/movie/1975",
            "thumbnail": "https://static.vecteezy.com/ti/vetor-gratis/p1/12657549-ilustracao-fitas-de-rolo-de-rolo-de-filme-negativo-para-logotipo-de-video-de-cinema-de-filme-vetor.jpg"
        },
        {
            "type": "dir",
            "title": "1974",
            "link": "tmdb/year/movie/1974",
            "thumbnail": "https://static.vecteezy.com/ti/vetor-gratis/p1/12657549-ilustracao-fitas-de-rolo-de-rolo-de-filme-negativo-para-logotipo-de-video-de-cinema-de-filme-vetor.jpg"
        },
        {
            "type": "dir",
            "title": "1973",
            "link": "tmdb/year/movie/1973",
            "thumbnail": "https://static.vecteezy.com/ti/vetor-gratis/p1/12657549-ilustracao-fitas-de-rolo-de-rolo-de-filme-negativo-para-logotipo-de-video-de-cinema-de-filme-vetor.jpg"
        },
        {
            "type": "dir",
            "title": "1972",
            "link": "tmdb/year/movie/1972",
            "thumbnail": "https://static.vecteezy.com/ti/vetor-gratis/p1/12657549-ilustracao-fitas-de-rolo-de-rolo-de-filme-negativo-para-logotipo-de-video-de-cinema-de-filme-vetor.jpg"
        },
        {
            "type": "dir",
            "title": "1971",
            "link": "tmdb/year/movie/1971",
            "thumbnail": "https://static.vecteezy.com/ti/vetor-gratis/p1/12657549-ilustracao-fitas-de-rolo-de-rolo-de-filme-negativo-para-logotipo-de-video-de-cinema-de-filme-vetor.jpg"
        },
        {
            "type": "dir",
            "title": "1970",
            "link": "tmdb/year/movie/1970",
            "thumbnail": "https://static.vecteezy.com/ti/vetor-gratis/p1/12657549-ilustracao-fitas-de-rolo-de-rolo-de-filme-negativo-para-logotipo-de-video-de-cinema-de-filme-vetor.jpg"
        },
        {
            "type": "dir",
            "title": "1969",
            "link": "tmdb/year/movie/1969",
            "thumbnail": "https://static.vecteezy.com/ti/vetor-gratis/p1/12657549-ilustracao-fitas-de-rolo-de-rolo-de-filme-negativo-para-logotipo-de-video-de-cinema-de-filme-vetor.jpg"
        },
        {
            "type": "dir",
            "title": "1968",
            "link": "tmdb/year/movie/1968",
            "thumbnail": "https://static.vecteezy.com/ti/vetor-gratis/p1/12657549-ilustracao-fitas-de-rolo-de-rolo-de-filme-negativo-para-logotipo-de-video-de-cinema-de-filme-vetor.jpg"
        },
        {
            "type": "dir",
            "title": "1967",
            "link": "tmdb/year/movie/1967",
            "thumbnail": "https://static.vecteezy.com/ti/vetor-gratis/p1/12657549-ilustracao-fitas-de-rolo-de-rolo-de-filme-negativo-para-logotipo-de-video-de-cinema-de-filme-vetor.jpg"
        },
        {
            "type": "dir",
            "title": "1966",
            "link": "tmdb/year/movie/1966",
            "thumbnail": "https://static.vecteezy.com/ti/vetor-gratis/p1/12657549-ilustracao-fitas-de-rolo-de-rolo-de-filme-negativo-para-logotipo-de-video-de-cinema-de-filme-vetor.jpg"
        },
        {
            "type": "dir",
            "title": "1965",
            "link": "tmdb/year/movie/1965",
            "thumbnail": "https://static.vecteezy.com/ti/vetor-gratis/p1/12657549-ilustracao-fitas-de-rolo-de-rolo-de-filme-negativo-para-logotipo-de-video-de-cinema-de-filme-vetor.jpg"
        },
        {
            "type": "dir",
            "title": "1964",
            "link": "tmdb/year/movie/1964",
            "thumbnail": "https://static.vecteezy.com/ti/vetor-gratis/p1/12657549-ilustracao-fitas-de-rolo-de-rolo-de-filme-negativo-para-logotipo-de-video-de-cinema-de-filme-vetor.jpg"
        },
        {
            "type": "dir",
            "title": "1963",
            "link": "tmdb/year/movie/1963",
            "thumbnail": "https://static.vecteezy.com/ti/vetor-gratis/p1/12657549-ilustracao-fitas-de-rolo-de-rolo-de-filme-negativo-para-logotipo-de-video-de-cinema-de-filme-vetor.jpg"
        },
        {
            "type": "dir",
            "title": "1962",
            "link": "tmdb/year/movie/1962",
            "thumbnail": "https://static.vecteezy.com/ti/vetor-gratis/p1/12657549-ilustracao-fitas-de-rolo-de-rolo-de-filme-negativo-para-logotipo-de-video-de-cinema-de-filme-vetor.jpg"
        },
        {
            "type": "dir",
            "title": "1961",
            "link": "tmdb/year/movie/1961",
            "thumbnail": "https://static.vecteezy.com/ti/vetor-gratis/p1/12657549-ilustracao-fitas-de-rolo-de-rolo-de-filme-negativo-para-logotipo-de-video-de-cinema-de-filme-vetor.jpg"
        },
        {
            "type": "dir",
            "title": "1960",
            "link": "tmdb/year/movie/1960",
            "thumbnail": "https://static.vecteezy.com/ti/vetor-gratis/p1/12657549-ilustracao-fitas-de-rolo-de-rolo-de-filme-negativo-para-logotipo-de-video-de-cinema-de-filme-vetor.jpg"
        },
        {
            "type": "dir",
            "title": "1959",
            "link": "tmdb/year/movie/1959",
            "thumbnail": "https://static.vecteezy.com/ti/vetor-gratis/p1/12657549-ilustracao-fitas-de-rolo-de-rolo-de-filme-negativo-para-logotipo-de-video-de-cinema-de-filme-vetor.jpg"
        },
        {
            "type": "dir",
            "title": "1958",
            "link": "tmdb/year/movie/1958",
            "thumbnail": "https://static.vecteezy.com/ti/vetor-gratis/p1/12657549-ilustracao-fitas-de-rolo-de-rolo-de-filme-negativo-para-logotipo-de-video-de-cinema-de-filme-vetor.jpg"
        },
        {
            "type": "dir",
            "title": "1957",
            "link": "tmdb/year/movie/1957",
            "thumbnail": "https://static.vecteezy.com/ti/vetor-gratis/p1/12657549-ilustracao-fitas-de-rolo-de-rolo-de-filme-negativo-para-logotipo-de-video-de-cinema-de-filme-vetor.jpg"
        },
        {
            "type": "dir",
            "title": "1956",
            "link": "tmdb/year/movie/1956",
            "thumbnail": "https://static.vecteezy.com/ti/vetor-gratis/p1/12657549-ilustracao-fitas-de-rolo-de-rolo-de-filme-negativo-para-logotipo-de-video-de-cinema-de-filme-vetor.jpg"
        },
        {
            "type": "dir",
            "title": "1955",
            "link": "tmdb/year/movie/1955",
            "thumbnail": "https://static.vecteezy.com/ti/vetor-gratis/p1/12657549-ilustracao-fitas-de-rolo-de-rolo-de-filme-negativo-para-logotipo-de-video-de-cinema-de-filme-vetor.jpg"
        },
        {
            "type": "dir",
            "title": "1954",
            "link": "tmdb/year/movie/1954",
            "thumbnail": "https://static.vecteezy.com/ti/vetor-gratis/p1/12657549-ilustracao-fitas-de-rolo-de-rolo-de-filme-negativo-para-logotipo-de-video-de-cinema-de-filme-vetor.jpg"
        },
        {
            "type": "dir",
            "title": "1953",
            "link": "tmdb/year/movie/1953",
            "thumbnail": "https://static.vecteezy.com/ti/vetor-gratis/p1/12657549-ilustracao-fitas-de-rolo-de-rolo-de-filme-negativo-para-logotipo-de-video-de-cinema-de-filme-vetor.jpg"
        },
        {
            "type": "dir",
            "title": "1952",
            "link": "tmdb/year/movie/1952",
            "thumbnail": "https://static.vecteezy.com/ti/vetor-gratis/p1/12657549-ilustracao-fitas-de-rolo-de-rolo-de-filme-negativo-para-logotipo-de-video-de-cinema-de-filme-vetor.jpg"
        },
        {
            "type": "dir",
            "title": "1951",
            "link": "tmdb/year/movie/1951",
            "thumbnail": "https://static.vecteezy.com/ti/vetor-gratis/p1/12657549-ilustracao-fitas-de-rolo-de-rolo-de-filme-negativo-para-logotipo-de-video-de-cinema-de-filme-vetor.jpg"
        },
        {
            "type": "dir",
            "title": "1950",
            "link": "tmdb/year/movie/1950",
            "thumbnail": "https://static.vecteezy.com/ti/vetor-gratis/p1/12657549-ilustracao-fitas-de-rolo-de-rolo-de-filme-negativo-para-logotipo-de-video-de-cinema-de-filme-vetor.jpg"
        },
        {
            "type": "dir",
            "title": "1949",
            "link": "tmdb/year/movie/1949",
            "thumbnail": "https://static.vecteezy.com/ti/vetor-gratis/p1/12657549-ilustracao-fitas-de-rolo-de-rolo-de-filme-negativo-para-logotipo-de-video-de-cinema-de-filme-vetor.jpg"
        },
        {
            "type": "dir",
            "title": "1948",
            "link": "tmdb/year/movie/1948",
            "thumbnail": "https://static.vecteezy.com/ti/vetor-gratis/p1/12657549-ilustracao-fitas-de-rolo-de-rolo-de-filme-negativo-para-logotipo-de-video-de-cinema-de-filme-vetor.jpg"
        },
        {
            "type": "dir",
            "title": "1947",
            "link": "tmdb/year/movie/1947",
            "thumbnail": "https://static.vecteezy.com/ti/vetor-gratis/p1/12657549-ilustracao-fitas-de-rolo-de-rolo-de-filme-negativo-para-logotipo-de-video-de-cinema-de-filme-vetor.jpg"
        },
        {
            "type": "dir",
            "title": "1946",
            "link": "tmdb/year/movie/1946",
            "thumbnail": "https://static.vecteezy.com/ti/vetor-gratis/p1/12657549-ilustracao-fitas-de-rolo-de-rolo-de-filme-negativo-para-logotipo-de-video-de-cinema-de-filme-vetor.jpg"
        },
        {
            "type": "dir",
            "title": "1945",
            "link": "tmdb/year/movie/1945",
            "thumbnail": "https://static.vecteezy.com/ti/vetor-gratis/p1/12657549-ilustracao-fitas-de-rolo-de-rolo-de-filme-negativo-para-logotipo-de-video-de-cinema-de-filme-vetor.jpg"
        },
        {
            "type": "dir",
            "title": "1944",
            "link": "tmdb/year/movie/1944",
            "thumbnail": "https://static.vecteezy.com/ti/vetor-gratis/p1/12657549-ilustracao-fitas-de-rolo-de-rolo-de-filme-negativo-para-logotipo-de-video-de-cinema-de-filme-vetor.jpg"
        },
        {
            "type": "dir",
            "title": "1943",
            "link": "tmdb/year/movie/1943",
            "thumbnail": "https://static.vecteezy.com/ti/vetor-gratis/p1/12657549-ilustracao-fitas-de-rolo-de-rolo-de-filme-negativo-para-logotipo-de-video-de-cinema-de-filme-vetor.jpg"
        },
        {
            "type": "dir",
            "title": "1942",
            "link": "tmdb/year/movie/1942",
            "thumbnail": "https://static.vecteezy.com/ti/vetor-gratis/p1/12657549-ilustracao-fitas-de-rolo-de-rolo-de-filme-negativo-para-logotipo-de-video-de-cinema-de-filme-vetor.jpg"
        },
        {
            "type": "dir",
            "title": "1941",
            "link": "tmdb/year/movie/1941",
            "thumbnail": "https://static.vecteezy.com/ti/vetor-gratis/p1/12657549-ilustracao-fitas-de-rolo-de-rolo-de-filme-negativo-para-logotipo-de-video-de-cinema-de-filme-vetor.jpg"
        },
        {
            "type": "dir",
            "title": "1940",
            "link": "tmdb/year/movie/1940",
            "thumbnail": "https://static.vecteezy.com/ti/vetor-gratis/p1/12657549-ilustracao-fitas-de-rolo-de-rolo-de-filme-negativo-para-logotipo-de-video-de-cinema-de-filme-vetor.jpg"
        },
        {
            "type": "dir",
            "title": "1939",
            "link": "tmdb/year/movie/1939",
            "thumbnail": "https://static.vecteezy.com/ti/vetor-gratis/p1/12657549-ilustracao-fitas-de-rolo-de-rolo-de-filme-negativo-para-logotipo-de-video-de-cinema-de-filme-vetor.jpg"
        },
        {
            "type": "dir",
            "title": "1938",
            "link": "tmdb/year/movie/1938",
            "thumbnail": "https://static.vecteezy.com/ti/vetor-gratis/p1/12657549-ilustracao-fitas-de-rolo-de-rolo-de-filme-negativo-para-logotipo-de-video-de-cinema-de-filme-vetor.jpg"
        },
        {
            "type": "dir",
            "title": "1937",
            "link": "tmdb/year/movie/1937",
            "thumbnail": "https://static.vecteezy.com/ti/vetor-gratis/p1/12657549-ilustracao-fitas-de-rolo-de-rolo-de-filme-negativo-para-logotipo-de-video-de-cinema-de-filme-vetor.jpg"
        },
        {
            "type": "dir",
            "title": "1936",
            "link": "tmdb/year/movie/1936",
            "thumbnail": "https://static.vecteezy.com/ti/vetor-gratis/p1/12657549-ilustracao-fitas-de-rolo-de-rolo-de-filme-negativo-para-logotipo-de-video-de-cinema-de-filme-vetor.jpg"
        },
        {
            "type": "dir",
            "title": "1935",
            "link": "tmdb/year/movie/1935",
            "thumbnail": "https://static.vecteezy.com/ti/vetor-gratis/p1/12657549-ilustracao-fitas-de-rolo-de-rolo-de-filme-negativo-para-logotipo-de-video-de-cinema-de-filme-vetor.jpg"
        },
        {
            "type": "dir",
            "title": "1934",
            "link": "tmdb/year/movie/1934",
            "thumbnail": "https://static.vecteezy.com/ti/vetor-gratis/p1/12657549-ilustracao-fitas-de-rolo-de-rolo-de-filme-negativo-para-logotipo-de-video-de-cinema-de-filme-vetor.jpg"
        },
        {
            "type": "dir",
            "title": "1933",
            "link": "tmdb/year/movie/1933",
            "thumbnail": "https://static.vecteezy.com/ti/vetor-gratis/p1/12657549-ilustracao-fitas-de-rolo-de-rolo-de-filme-negativo-para-logotipo-de-video-de-cinema-de-filme-vetor.jpg"
        },
        {
            "type": "dir",
            "title": "1932",
            "link": "tmdb/year/movie/1932",
            "thumbnail": "https://static.vecteezy.com/ti/vetor-gratis/p1/12657549-ilustracao-fitas-de-rolo-de-rolo-de-filme-negativo-para-logotipo-de-video-de-cinema-de-filme-vetor.jpg"
        },
        {
            "type": "dir",
            "title": "1931",
            "link": "tmdb/year/movie/1931",
            "thumbnail": "https://static.vecteezy.com/ti/vetor-gratis/p1/12657549-ilustracao-fitas-de-rolo-de-rolo-de-filme-negativo-para-logotipo-de-video-de-cinema-de-filme-vetor.jpg"
        },
        {
            "type": "dir",
            "title": "1930",
            "link": "tmdb/year/movie/1930",
            "thumbnail": "https://static.vecteezy.com/ti/vetor-gratis/p1/12657549-ilustracao-fitas-de-rolo-de-rolo-de-filme-negativo-para-logotipo-de-video-de-cinema-de-filme-vetor.jpg"
        },
        {
            "type": "dir",
            "title": "1929",
            "link": "tmdb/year/movie/1929",
            "thumbnail": "https://static.vecteezy.com/ti/vetor-gratis/p1/12657549-ilustracao-fitas-de-rolo-de-rolo-de-filme-negativo-para-logotipo-de-video-de-cinema-de-filme-vetor.jpg"
        },
        {
            "type": "dir",
            "title": "1928",
            "link": "tmdb/year/movie/1928",
            "thumbnail": "https://static.vecteezy.com/ti/vetor-gratis/p1/12657549-ilustracao-fitas-de-rolo-de-rolo-de-filme-negativo-para-logotipo-de-video-de-cinema-de-filme-vetor.jpg"
        },
        {
            "type": "dir",
            "title": "1927",
            "link": "tmdb/year/movie/1927",
            "thumbnail": "https://static.vecteezy.com/ti/vetor-gratis/p1/12657549-ilustracao-fitas-de-rolo-de-rolo-de-filme-negativo-para-logotipo-de-video-de-cinema-de-filme-vetor.jpg"
        },
        {
            "type": "dir",
            "title": "1926",
            "link": "tmdb/year/movie/1926",
            "thumbnail": "https://static.vecteezy.com/ti/vetor-gratis/p1/12657549-ilustracao-fitas-de-rolo-de-rolo-de-filme-negativo-para-logotipo-de-video-de-cinema-de-filme-vetor.jpg"
        },
        {
            "type": "dir",
            "title": "1925",
            "link": "tmdb/year/movie/1925",
            "thumbnail": "https://static.vecteezy.com/ti/vetor-gratis/p1/12657549-ilustracao-fitas-de-rolo-de-rolo-de-filme-negativo-para-logotipo-de-video-de-cinema-de-filme-vetor.jpg"
        },
        {
            "type": "dir",
            "title": "1924",
            "link": "tmdb/year/movie/1924",
            "thumbnail": "https://static.vecteezy.com/ti/vetor-gratis/p1/12657549-ilustracao-fitas-de-rolo-de-rolo-de-filme-negativo-para-logotipo-de-video-de-cinema-de-filme-vetor.jpg"
        },
        {
            "type": "dir",
            "title": "1923",
            "link": "tmdb/year/movie/1923",
            "thumbnail": "https://static.vecteezy.com/ti/vetor-gratis/p1/12657549-ilustracao-fitas-de-rolo-de-rolo-de-filme-negativo-para-logotipo-de-video-de-cinema-de-filme-vetor.jpg"
        },
        {
            "type": "dir",
            "title": "1922",
            "link": "tmdb/year/movie/1922",
            "thumbnail": "https://static.vecteezy.com/ti/vetor-gratis/p1/12657549-ilustracao-fitas-de-rolo-de-rolo-de-filme-negativo-para-logotipo-de-video-de-cinema-de-filme-vetor.jpg"
        },
        {
            "type": "dir",
            "title": "1921",
            "link": "tmdb/year/movie/1921",
            "thumbnail": "https://static.vecteezy.com/ti/vetor-gratis/p1/12657549-ilustracao-fitas-de-rolo-de-rolo-de-filme-negativo-para-logotipo-de-video-de-cinema-de-filme-vetor.jpg"
        },
        {
            "type": "dir",
            "title": "1920",
            "link": "tmdb/year/movie/1920",
            "thumbnail": "https://static.vecteezy.com/ti/vetor-gratis/p1/12657549-ilustracao-fitas-de-rolo-de-rolo-de-filme-negativo-para-logotipo-de-video-de-cinema-de-filme-vetor.jpg"
        },
        {
            "type": "dir",
            "title": "1919",
            "link": "tmdb/year/movie/1919",
            "thumbnail": "https://static.vecteezy.com/ti/vetor-gratis/p1/12657549-ilustracao-fitas-de-rolo-de-rolo-de-filme-negativo-para-logotipo-de-video-de-cinema-de-filme-vetor.jpg"
        },
        {
            "type": "dir",
            "title": "1918",
            "link": "tmdb/year/movie/1918",
            "thumbnail": "https://static.vecteezy.com/ti/vetor-gratis/p1/12657549-ilustracao-fitas-de-rolo-de-rolo-de-filme-negativo-para-logotipo-de-video-de-cinema-de-filme-vetor.jpg"
        },
        {
            "type": "dir",
            "title": "1917",
            "link": "tmdb/year/movie/1917",
            "thumbnail": "https://static.vecteezy.com/ti/vetor-gratis/p1/12657549-ilustracao-fitas-de-rolo-de-rolo-de-filme-negativo-para-logotipo-de-video-de-cinema-de-filme-vetor.jpg"
        },
        {
            "type": "dir",
            "title": "1916",
            "link": "tmdb/year/movie/1916",
            "thumbnail": "https://static.vecteezy.com/ti/vetor-gratis/p1/12657549-ilustracao-fitas-de-rolo-de-rolo-de-filme-negativo-para-logotipo-de-video-de-cinema-de-filme-vetor.jpg"
        },
        {
            "type": "dir",
            "title": "1915",
            "link": "tmdb/year/movie/1915",
            "thumbnail": "https://static.vecteezy.com/ti/vetor-gratis/p1/12657549-ilustracao-fitas-de-rolo-de-rolo-de-filme-negativo-para-logotipo-de-video-de-cinema-de-filme-vetor.jpg"
        },
        {
            "type": "dir",
            "title": "1914",
            "link": "tmdb/year/movie/1914",
            "thumbnail": "https://static.vecteezy.com/ti/vetor-gratis/p1/12657549-ilustracao-fitas-de-rolo-de-rolo-de-filme-negativo-para-logotipo-de-video-de-cinema-de-filme-vetor.jpg"
        },
        {
            "type": "dir",
            "title": "1913",
            "link": "tmdb/year/movie/1913",
            "thumbnail": "https://static.vecteezy.com/ti/vetor-gratis/p1/12657549-ilustracao-fitas-de-rolo-de-rolo-de-filme-negativo-para-logotipo-de-video-de-cinema-de-filme-vetor.jpg"
        },
        {
            "type": "dir",
            "title": "1912",
            "link": "tmdb/year/movie/1912",
            "thumbnail": "https://static.vecteezy.com/ti/vetor-gratis/p1/12657549-ilustracao-fitas-de-rolo-de-rolo-de-filme-negativo-para-logotipo-de-video-de-cinema-de-filme-vetor.jpg"
        },
        {
            "type": "dir",
            "title": "1911",
            "link": "tmdb/year/movie/1911",
            "thumbnail": "https://static.vecteezy.com/ti/vetor-gratis/p1/12657549-ilustracao-fitas-de-rolo-de-rolo-de-filme-negativo-para-logotipo-de-video-de-cinema-de-filme-vetor.jpg"
        },
        {
            "type": "dir",
            "title": "1910",
            "link": "tmdb/year/movie/1910",
            "thumbnail": "https://static.vecteezy.com/ti/vetor-gratis/p1/12657549-ilustracao-fitas-de-rolo-de-rolo-de-filme-negativo-para-logotipo-de-video-de-cinema-de-filme-vetor.jpg"
        },
        {
            "type": "dir",
            "title": "1909",
            "link": "tmdb/year/movie/1909",
            "thumbnail": "https://static.vecteezy.com/ti/vetor-gratis/p1/12657549-ilustracao-fitas-de-rolo-de-rolo-de-filme-negativo-para-logotipo-de-video-de-cinema-de-filme-vetor.jpg"
        },
        {
            "type": "dir",
            "title": "1908",
            "link": "tmdb/year/movie/1908",
            "thumbnail": "https://static.vecteezy.com/ti/vetor-gratis/p1/12657549-ilustracao-fitas-de-rolo-de-rolo-de-filme-negativo-para-logotipo-de-video-de-cinema-de-filme-vetor.jpg"
        },
        {
            "type": "dir",
            "title": "1907",
            "link": "tmdb/year/movie/1907",
            "thumbnail": "https://static.vecteezy.com/ti/vetor-gratis/p1/12657549-ilustracao-fitas-de-rolo-de-rolo-de-filme-negativo-para-logotipo-de-video-de-cinema-de-filme-vetor.jpg"
        },
        {
            "type": "dir",
            "title": "1906",
            "link": "tmdb/year/movie/1906",
            "thumbnail": "https://static.vecteezy.com/ti/vetor-gratis/p1/12657549-ilustracao-fitas-de-rolo-de-rolo-de-filme-negativo-para-logotipo-de-video-de-cinema-de-filme-vetor.jpg"
        },
        {
            "type": "dir",
            "title": "1905",
            "link": "tmdb/year/movie/1905",
            "thumbnail": "https://static.vecteezy.com/ti/vetor-gratis/p1/12657549-ilustracao-fitas-de-rolo-de-rolo-de-filme-negativo-para-logotipo-de-video-de-cinema-de-filme-vetor.jpg"
        },
        {
            "type": "dir",
            "title": "1904",
            "link": "tmdb/year/movie/1904",
            "thumbnail": "https://static.vecteezy.com/ti/vetor-gratis/p1/12657549-ilustracao-fitas-de-rolo-de-rolo-de-filme-negativo-para-logotipo-de-video-de-cinema-de-filme-vetor.jpg"
        },
        {
            "type": "dir",
            "title": "1903",
            "link": "tmdb/year/movie/1903",
            "thumbnail": "https://static.vecteezy.com/ti/vetor-gratis/p1/12657549-ilustracao-fitas-de-rolo-de-rolo-de-filme-negativo-para-logotipo-de-video-de-cinema-de-filme-vetor.jpg"
        },
        {
            "type": "dir",
            "title": "1902",
            "link": "tmdb/year/movie/1902",
            "thumbnail": "https://static.vecteezy.com/ti/vetor-gratis/p1/12657549-ilustracao-fitas-de-rolo-de-rolo-de-filme-negativo-para-logotipo-de-video-de-cinema-de-filme-vetor.jpg"
        },
        {
            "type": "dir",
            "title": "1901",
            "link": "tmdb/year/movie/1901",
            "thumbnail": "https://static.vecteezy.com/ti/vetor-gratis/p1/12657549-ilustracao-fitas-de-rolo-de-rolo-de-filme-negativo-para-logotipo-de-video-de-cinema-de-filme-vetor.jpg"
        },
        {
            "type": "dir",
            "title": "1900",
            "link": "tmdb/year/movie/1900",
            "thumbnail": "https://static.vecteezy.com/ti/vetor-gratis/p1/12657549-ilustracao-fitas-de-rolo-de-rolo-de-filme-negativo-para-logotipo-de-video-de-cinema-de-filme-vetor.jpg"
        }
    ]
}