<?xml version="1.0" encoding="UTF-8" standalone="yes"?>
<addon id="plugin.video.CineP2P.Matrix" name="CineP2P" version="1.0.1+matrix.1" provider-name="Gael"> 
<requires>
    <import addon="xbmc.python" version="3.0.0"/>
    <import addon="script.module.requests"/>
    <import addon="script.module.simplejson"/>
	<import addon="script.module.kodi-six" />
</requires>  
<extension point="xbmc.python.pluginsource" library="default.py">
	<provides>video</provides>
</extension>   
<extension point="xbmc.addon.metadata">
	<summary lang="pt">Addon focado em Filmes, Series e Animes.
	
Este é um recurso sem fins lucrativos</summary>
	<description lang="pt">CineP2P. O melhor do Torrent na sua tela!</description>
	<disclaimer lang="pt">[COLOR yellow]OBRIGADO PELA PREFERENCIA S2[/COLOR]</disclaimer>
    <platform>all</platform>
	<assets>
       <icon>icon.png</icon>
	   <fanart>fanart.jpg</fanart>
       <screenshot>resources/screenshots/1.jpg</screenshot>
       <screenshot>resources/screenshots/2.jpg</screenshot>
       <screenshot>resources/screenshots/3.jpg</screenshot>
	</assets>
	<news>
	Antigo addon "The Pirate Br+"
    </news>
</extension>
</addon>