<addon id="plugin.video.cineroom" version="4.2.1" name="Cineroom" provider-name="Gael">
  <requires>
    <import addon="xbmc.python" version="3.0.0"/>
    <import addon="resource.images.studios.white" version="0.0.30"/>
    <import addon="script.module.simplecache" version="1.2.7"/>
  </requires>

  <!-- Extensão principal do plugin -->
  <extension point="xbmc.python.pluginsource" library="main.py">
    <provides>video</provides>
  </extension>

  <!-- Serviço de Cache (adicionar esta parte) -->
  <extension point="xbmc.service" library="resources/lib/cache/cleanup_service.py">
    <provides>executable</provides>
  </extension>

  <extension point="xbmc.addon.metadata">
    <description lang="pt_BR">Somos apenas um agregador de links.</description>
    <disclaimer lang="pt_BR">Obrigado pela Preferência S2</disclaimer>
    <license>GPL-3.0-only</license>
    <assets>
      <icon>resources/images/icon.png</icon>
      <fanart>resources/images/fanart.jpg</fanart>
      <screenshot>resources/images/screenshot-1.jpg</screenshot>
      <screenshot>resources/images/screenshot-2.jpg</screenshot>
      <screenshot>resources/images/screenshot-3.jpg</screenshot>
    </assets>
  </extension>
</addon>