<?xml version="1.0" encoding="UTF-8"?>
<addon id="plugin.video.cineroom"
version="1.1"
name="CineRoom"
provider-name="Gael">
<requires>
  <import addon="xbmc.python" version="3.0.0"/>
</requires>
<extension point="xbmc.python.pluginsource" library="main.py">
  <provides>video</provides>
</extension>
<extension point="xbmc.addon.metadata">
  <description lang="pt_BR">Somos epenas um agregador de links.</description>
  <disclaimer lang="pt_BR">Obrigado pela Preferencia S2</disclaimer>
  <license>GPL-3.0-only	</license>
  <assets>
    <icon>resources/images/icon.png</icon>
    <fanart>resources/images/fanart.jpg</fanart>
    <screenshot>resources/images/screenshot-1.jpg</screenshot>
    <screenshot>resources/images/screenshot-2.jpg</screenshot>
	<screenshot>resources/images/screenshot-3.jpg</screenshot>
  </assets>
  <news>Lançamento</news>
</extension>
</addon>
