<?xml version="1.0" encoding="UTF-8" standalone="yes"?>
<addon id="plugin.video.live.cineroom" name="Cine Room" version="3.0.2" provider-name="gael">
	<requires>
		<import addon="script.module.six"/>
		<import addon="script.module.kodi-six"/>
		<import addon="script.module.requests-cache"/>
		<import addon="script.module.requests"/>
		<import addon="script.module.websocket" version="0.50.0" optional="true"/>
		<import addon="script.module.youtube.dl" optional="true"/>
		<import addon="plugin.video.youtube" optional="true"/>
		<import addon="script.module.dateutil" optional="true"/>
		<import addon="script.module.resolveurl" optional="true"/>
		<import addon="script.module.urlresolver" optional="true"/>
		<import addon="script.module.cloudscraper" optional="true"/>
		<import addon="script.module.inputstreamhelper" optional="true"/>
		<import addon="script.module.slproxy" optional="true"/>
	</requires>
	<extension point="xbmc.python.pluginsource" library="default.py">
		<provides>video</provides>
	</extension>
	<extension point="xbmc.addon.metadata">
		<summary>[COLOR yellow]OBRIGADO PELA PREFERENCIA S2[/COLOR]</summary>
		<description>
Somos apenas um agregador de links, Todo o conteudo deste addon sao encontrados livremente na internet.
		</description>
		<news>
1. Novas Categorias adicionadas
2. Links Renovados
3. Adicionadas opçoes para deixar em ordem alfabetica
4. Nome e Genero dos filmes/Series visiveis
		</news>
		<platform>all</platform>
		<assets>
			<icon>icon.png</icon>
			<fanart>fanart.jpg</fanart>
			<screenshot>resources/screenshots/home.png</screenshot>
			<screenshot>resources/screenshots/movies.png</screenshot>
			<screenshot>resources/screenshots/series.png</screenshot>
			<screenshot>resources/screenshots/4k.png</screenshot>
			<screenshot>resources/screenshots/novos.png</screenshot>
		</assets>
	</extension>
</addon>
