<addon id="plugin.video.cineroom-4.1.2" version="4.1.2" name="Cineroom" provider-name="Gael">
<requires>
<import addon="xbmc.python" version="3.0.0"/>
<import addon="resource.images.studios.white" version="0.0.30"/>
<import addon="script.module.simplecache" version="1.2.7"/>
</requires>
<extension point="xbmc.python.pluginsource" library="main.py">
<provides>video</provides>
</extension>
<extension point="xbmc.addon.metadata">
<description lang="pt_BR">Somos apenas um agregador de links.</description>
<disclaimer lang="pt_BR">Obrigado pela Preferência S2</disclaimer>
<license>GPL-3.0-only</license>
<assets>
<icon>resources/images/icon.png</icon>
<fanart>resources/images/fanart.jpg</fanart>
<screenshot>resources/images/screenshot-1.jpg</screenshot>
<screenshot>resources/images/screenshot-2.jpg</screenshot>
<screenshot>resources/images/screenshot-3.jpg</screenshot>
</assets>
<news>
- Nova Base Reformulada [4.0] - Remoção do TMDb id [4.0] 

- Correção de pequenos Bugs [3.1] - Adição da categoria de series [3.0] </news>
</extension>
</addon>